"Organism","AA","Count"
"Anaerococcus tetradius","*",1836
"Anaerococcus tetradius","A",35824
"Anaerococcus tetradius","C",5021
"Anaerococcus tetradius","D",40249
"Anaerococcus tetradius","E",43324
"Anaerococcus tetradius","F",26936
"Anaerococcus tetradius","G",35977
"Anaerococcus tetradius","H",7539
"Anaerococcus tetradius","I",54208
"Anaerococcus tetradius","K",55345
"Anaerococcus tetradius","L",55058
"Anaerococcus tetradius","M",14642
"Anaerococcus tetradius","N",32718
"Anaerococcus tetradius","P",15560
"Anaerococcus tetradius","Q",13523
"Anaerococcus tetradius","R",22815
"Anaerococcus tetradius","S",37692
"Anaerococcus tetradius","T",26132
"Anaerococcus tetradius","V",33930
"Anaerococcus tetradius","W",3302
"Anaerococcus tetradius","Y",24390
"Escherichia coli","*",4239
"Escherichia coli","A",126127
"Escherichia coli","C",15376
"Escherichia coli","D",67796
"Escherichia coli","E",76338
"Escherichia coli","F",51561
"Escherichia coli","G",97246
"Escherichia coli","H",29995
"Escherichia coli","I",79511
"Escherichia coli","K",58113
"Escherichia coli","L",141731
"Escherichia coli","M",37007
"Escherichia coli","N",51503
"Escherichia coli","P",58700
"Escherichia coli","Q",58799
"Escherichia coli","R",73111
"Escherichia coli","S",76412
"Escherichia coli","T",71025
"Escherichia coli","V",93989
"Escherichia coli","W",20196
"Escherichia coli","Y",37401
