"Codon","Count","Frequency","Organism"
"AAA",44592,0.0336244962961176,"Escherichia coli"
"AAC",28454,0.0214556740583452,"Escherichia coli"
"AAG",13521,0.0101954793330599,"Escherichia coli"
"AAT",23049,0.0173800460873971,"Escherichia coli"
"ACA",9116,0.00687389909031682,"Escherichia coli"
"ACC",31139,0.0234802922085756,"Escherichia coli"
"ACG",19081,0.0143879847018797,"Escherichia coli"
"ACT",11689,0.0088140638949883,"Escherichia coli"
"AGA",2573,0.00194016480467148,"Escherichia coli"
"AGC",21291,0.0160544301812128,"Escherichia coli"
"AGG",1420,0.00107074777405111,"Escherichia coli"
"AGT",11487,0.00866174625389089,"Escherichia coli"
"ATA",5486,0.00413670583693265,"Escherichia coli"
"ATC",33524,0.0252786960403446,"Escherichia coli"
"ATG",37007,0.0279050442776826,"Escherichia coli"
"ATT",40501,0.0305396870400309,"Escherichia coli"
"CAA",20402,0.0153840817508385,"Escherichia coli"
"CAC",12890,0.00971967521656251,"Escherichia coli"
"CAG",38397,0.0289531706198876,"Escherichia coli"
"CAT",17105,0.0128979863909466,"Escherichia coli"
"CCA",11163,0.00841743478995246,"Escherichia coli"
"CCC",7238,0.00545779745674782,"Escherichia coli"
"CCG",31074,0.0234312791062423,"Escherichia coli"
"CCT",9225,0.00695609029269117,"Escherichia coli"
"CGA",4619,0.00348294645657892,"Escherichia coli"
"CGC",29441,0.0221999191660835,"Escherichia coli"
"CGG",7079,0.00533790386796323,"Escherichia coli"
"CGT",27979,0.0210975013874478,"Escherichia coli"
"CTA",5149,0.00388259175252757,"Escherichia coli"
"CTC",14811,0.0111682009024443,"Escherichia coli"
"CTG",70714,0.0533217310522887,"Escherichia coli"
"CTT",14586,0.0109985401635982,"Escherichia coli"
"GAA",52679,0.0397224802741114,"Escherichia coli"
"GAC",25347,0.0191128477668122,"Escherichia coli"
"GAG",23659,0.0178400152016022,"Escherichia coli"
"GAT",42449,0.0320085720145742,"Escherichia coli"
"GCA",26743,0.0201654983953864,"Escherichia coli"
"GCC",34117,0.0257258463431701,"Escherichia coli"
"GCG",45082,0.033993979682938,"Escherichia coli"
"GCT",20185,0.015220453393818,"Escherichia coli"
"GGA",10350,0.0078043939869218,"Escherichia coli"
"GGC",39536,0.0298120309823131,"Escherichia coli"
"GGG",14581,0.0109947699249572,"Escherichia coli"
"GGT",32779,0.0247169304828318,"Escherichia coli"
"GTA",14430,0.0108809087179982,"Escherichia coli"
"GTC",20350,0.0153448712689718,"Escherichia coli"
"GTG",34996,0.0263886542962623,"Escherichia coli"
"GTT",24213,0.0182577576430278,"Escherichia coli"
"TAA",2726,0.00205553410708684,"Escherichia coli"
"TAC",16160,0.0121854112877929,"Escherichia coli"
"TAG",294,0.000221690032092271,"Escherichia coli"
"TAT",21241,0.0160167277948025,"Escherichia coli"
"TCA",9303,0.00701490601549116,"Escherichia coli"
"TCC",11390,0.008588603624255,"Escherichia coli"
"TCG",11830,0.0089203846246652,"Escherichia coli"
"TCT",11111,0.00837822430808581,"Escherichia coli"
"TGA",1219,0.0009191841806819,"Escherichia coli"
"TGC",8574,0.00646520522162971,"Escherichia coli"
"TGG",20196,0.0152287479188283,"Escherichia coli"
"TGT",6802,0.00512903264725044,"Escherichia coli"
"TTA",18323,0.0138164165239003,"Escherichia coli"
"TTC",21974,0.0165694447795768,"Escherichia coli"
"TTG",18148,0.0136844581714644,"Escherichia coli"
"TTT",29587,0.0223100101344015,"Escherichia coli"
